amount_cash,amount_guaranty,amount_settlement,claim_type,country,industry,investor_claim,investor_doubt,investor_note,investor_project,iso3c,year_note,year_event,year_fiscal
22000,0,22000,Inconvertibility,Philippines,Metal,RHEEM MFG CO,FALSE,"Rheem entered into the agreement with the Export-Import Bank of Washington in 1955 - joint venture called Rheem of the Philippines (OUP). This pre-dates our OPIC dataset, so we can't match this claim to the underlying contract.",NA,PHL,NA,NA,1966
183847,0,183847,Inconvertibility,Turkey,Steel,FOSTER WHEELER,FALSE,NA,FOSTER WHEELER CORP,TUR,NA,NA,1966
26340,0,26340,War damage,Dominican Republic,Banking,CHASE MANHATTAN BANK,FALSE,NA,CHASE BANK,DOM,NA,NA,1967
11563,0,11563,War damage,Dominican Republic,Banking,FIRST NATL BANK,FALSE,"Claim was made by First National City Bank, which is now part of Citigroup (Kantor et al.)",CITIGROUP,DOM,NA,NA,1967
90344,0,90344,Inconvertibility,Zaire,Lumber,PLUSWOOD IND,FALSE,Contract issued by the Export-Import Bank of Washington before our database starts (Kantor et al.),NA,COD,NA,NA,1967
327304,0,327304,Expropriation,Haiti,Refining,VALENTINE PET,FALSE,NA,VALENTINE PETROLEUM & CHEMICAL CORP,HTI,NA,NA,1968
139898,0,139898,War damage,Jordan,Const.,CROW CONS CO,FALSE,NA,CROW WILLIAM L CONSTRUCTION CO,JOR,NA,NA,1969
2700000,0,2700000,Expropriation,Nigeria,Textiles,INDIAN HD MILLS,FALSE,NA,INDIAN HEAD INC,NGA,NA,NA,1969
25654,0,25654,Inconvertibility,Vietnam,Banking,BANK OF AMERICA,FALSE,NA,BANK OF AMERICA,VNM,NA,NA,1971
319576,0,319576,Inconvertibility,Vietnam,Banking,CHASE MANHATTAN BANK,FALSE,NA,CHASE BANK,VNM,NA,NA,1971
413662,0,433662,War damage,Bangladesh,Const,VINNELL CORP,FALSE,NA,VINNELL CORP,BGD,NA,NA,1972
3076820,17365721,17365721,Expropriation,Chile,Extractive,BETHLEHEM STEEL,FALSE,NA,BETHLEHEM STEEL INTERNATIONAL CORP,CHL,NA,NA,1972
910885,0,910885,Inconvertibility,Chile,Auto,FORD MOTOR CO,FALSE,NA,FORD,CHL,NA,NA,1972
0,3259367,3259367,Expropriation,Chile,Mill,PARSONS&WHITTEMORE,FALSE,NA,PARSONS & WHITTEMORE INC,CHL,NA,NA,1972
614475,0,614475,Expropriation,Chile,Feed,RALSTON PURINA,FALSE,NA,RALSTON PURINA CO,CHL,NA,NA,1972
13000,0,13000,War damage,Dominican Republic,Auto,WEST HEM,FALSE,NA,WESTERN HEMISPHERE ENTERPRISES INC,DOM,NA,NA,1972
18353,0,18353,War damage,Pakistan,Fertilizer,HERCULES INC,FALSE,NA,HERCULES INC,PAK,NA,NA,1972
10218,0,10218,Inconvertibility,Argentina,Sig. Dev.,GEN SIG CO,FALSE,Kantor et al.,GENERAL SIGNAL CORP,ARG,NA,NA,1973
0,8000000,8000000,Expropriation,Bolivia,Extractive,ENGELHARD MIN & US STEEL,FALSE,NA,U S STEEL CORP,BOL,NA,NA,1973
38709753,66908494,66908494,Expropriation,Chile,Extractive,BRADEN COPPER/KENNECOTT,FALSE,NA,KENNECOTT CO,CHL,NA,NA,1973
66503,0,66503,Expropriation,Chile,Banking,F. NAT'L CT. BANK,FALSE,Citigroup was called The First National City Bank of New York in 1955 (AP). CITIGROUP is consistent with the investor_foreign field in the projects database.,CITIGROUP,CHL,NA,NA,1973
29494,0,29494,Inconvertibility,Chile,Polyesters,INTL CHEM FIBER,FALSE,NA,INTERNATIONAL CHEMICAL FIBERS INC,CHL,NA,NA,1973
10059,0,10059,Inconvertibility,Chile,Polyesters,INTL CHEM FIBER,FALSE,NA,INTERNATIONAL CHEMICAL FIBERS INC,CHL,NA,NA,1973
110000,0,110000,Expropriation,Chile,Brass Fit.,N IND BRASS CO,FALSE,NA,NIBCO INC,CHL,NA,NA,1973
212000,0,212000,Expropriation,Chile,Feed,RALSTON PURINA,FALSE,NA,RALSTON PURINA CO,CHL,NA,NA,1973
71445,0,71445,Inconvertibility,Chile,Molybdenum,SOCOMET INC,FALSE,NA,SOCOMET INC,CHL,NA,NA,1973
16371,0,16371,Inconvertibility,Philippines,Banking,FIRST PA OVERSEAS,FALSE,NA,FIRST PENNSYLVANIA OVERSEAS FINANCE CO,PHL,NA,NA,1973
222351,0,222351,Expropriation,Sudan,Const,WALSH CONS CO,FALSE,Walsh is a subsidiary of Guy Atkinson's construction company (AP).,ATKINSON GUY F CO OF CALIFORNIA,SDN,NA,NA,1973
54847,0,54847,Inconvertibility,Vietnam,Banking,BANK OF AMERICA,FALSE,NA,BANK OF AMERICA,VNM,NA,NA,1973
325323,0,325323,Inconvertibility,Vietnam,Banking,BANK OF AMERICA,FALSE,NA,BANK OF AMERICA,VNM,NA,NA,1973
1000000,0,1000000,Inconvertibility,Argentina,C. Black,CABOT CORP,FALSE,NA,CABOT CORP,ARG,NA,NA,1974
13640000,0,13640000,Expropriation,Chile,Extractive,ANACONDA,FALSE,NA,ANACONDA CO,CHL,NA,NA,1974
2633876,0,2633876,Inconvertibility,Chile,Banking,BANK OF AMERICA,FALSE,NA,BANK OF AMERICA,CHL,1971-1973,1973,1974
463207,0,463207,Inconvertibility,Chile,Banking,BANK OF AMERICA,FALSE,NA,BANK OF AMERICA,CHL,1971-1973,1973,1974
0,12070850,12070850,Expropriation,Chile,Extractive,CERRO CORP,FALSE,NA,CERRO CORP,CHL,NA,NA,1974
5805,0,5805,Inconvertibility,Chile,Asbestos,JOHNS-MAN CORP,FALSE,NA,JOHNS MANVILLE CORP,CHL,NA,NA,1974
46517,0,46517,Inconvertibility,Dominican Republic,Auto,GMAC,FALSE,NA,GENERAL MOTORS CORP,DOM,NA,NA,1974
327123,0,327123,Expropriation,Somalia,Fishing,FEARN FOODS,FALSE,NA,FEARN INTERNATIONAL INC,SOM,NA,NA,1974
31947,0,31947,Inconvertibility,Vietnam,Banking,BANK OF AMERICA,FALSE,NA,BANK OF AMERICA,VNM,NA,NA,1974
70751,0,70751,Inconvertibility,Vietnam,Banking,BANK OF AMERICA,FALSE,NA,BANK OF AMERICA,VNM,NA,NA,1974
26316,0,26316,Inconvertibility,Vietnam,Banking,CHASE MANHATTAN BANK,FALSE,NA,CHASE BANK,VNM,NA,NA,1974
3010272,0,3010272,Expropriation,Chile,Banking,BANK OF AMERICA,FALSE,NA,BANK OF AMERICA,CHL,NA,NA,1975
19800,0,19800,Inconvertibility,Chile,Detonating,ENSIGN BICKFORD,FALSE,NA,ENSIGN BICKFORD CO,CHL,NA,NA,1975
25508,0,25508,War damage,Chile,Polyesters,INTI CHEM FIBER,FALSE,NA,INTERNATIONAL CHEMICAL FIBERS INC,CHL,NA,NA,1975
103000,0,103000,Expropriation,Chile,Polyesters,INTI CHEM FIBER,FALSE,NA,INTERNATIONAL CHEMICAL FIBERS INC,CHL,NA,NA,1975
34706917,59384614,94091531,Expropriation,Chile,Telephone,ITT CORP,FALSE,NA,ITT,CHL,NA,NA,1975
17616,0,17616,Inconvertibility,Chile,Molybdenum,SOCOMET INC,FALSE,NA,SOCOMET INC,CHL,1971-1972,1972,1975
100000,0,100000,Expropriation,Ecuador,Veneer,GEORGIA-PACIFIC,FALSE,NA,GEORGIA PACIFIC CORP,ECU,NA,NA,1975
4563750,10000000,10000000,Expropriation,Guyana,Extractive,REYNOLDS,FALSE,NA,REYNOLDS METALS CO,GUY,1970-1974 (1974 especially),1974,1975
67124,0,67124,Inconvertibility,Vietnam,Banking,BANK OF AMERICA,FALSE,NA,BANK OF AMERICA,VNM,NA,NA,1975
12500,0,12500,War damage,Bangladesh,Const.,VINNELL CORP,FALSE,NA,VINNELL CORP,BGD,NA,1972,1976
55917,0,55917,Inconvertibility,Kenya,Tea,WM ATWELL,FALSE,ATWELL LAND DEVELOPMENT CORP  bought an estate to convert into a tea plantation (AP).,ATWELL LAND DEVELOPMENT CORP,KEN,NA,1974,1976
60620,0,60620,Inconvertibility,S. Rhodesia,Petro.,CALTEX,FALSE,NA,CALTEX,ZWE,NA,1968,1976
387000,0,387000,War damage,Bangladesh,Jute,BELBAGCO,FALSE,NA,BELBAGCO INC,BGD,NA,NA,1977
473000,0,473000,Expropriation,Bangladesh,Jute,RELBAGCO,FALSE,NA,BELBAGCO INC,BGD,1971-1972,1972,1977
47504034,47588104,95092138,Expropriation,Chile,Extractive,ANACONDA,FALSE,NA,ANACONDA CO,CHL,NA,1971,1977
326346,0,326346,Inconvertibility,Colombia,C. Black,CABOT CORP,FALSE,NA,CABOT CORP,COL,1973-1975,1975,1977
139432,0,139432,Expropriation,Dominica,Const.,CONST AGGREGATES,FALSE,NA,CONSTRUCTION AGGREGATES,DMA,1974-1975,1975,1977
58076,0,58076,Inconvertibility,India,Coal,MCNALLY PITTSB,FALSE,NA,MCNALLY PITTSBURGH MANUFACTURING CO,IND,NA,1974,1977
452387,0,452387,Inconvertibility,Peru,Fibers,CELANESE,FALSE,"22 December 1966 « Celanese received 20,618,478.86 Peruvian soles in dividends for 1974 from ""Rayon y Celanese Peruana (Raycel)""”.",NA,PER,NA,1975,1977
7600,0,7600,Expropriation,Vietnam,Petro.,CALTEX,FALSE,NA,CALTEX,VNM,NA,NA,1977
978437,0,978437,Expropriation,Vietnam,Food Proc.,INTI DAIRY,FALSE,NA,INTERNATIONAL DAIRY ENGINEERING CO,VNM,NA,1975,1977
0,4397727,4397727,Inconvertibility,Chile,Banking,BANK OF AMERICA /ARAUCO III,FALSE,NA,BANK OF AMERICA,CHL,NA,NA,1978
0,868642,868642,Inconvertibility,Chile,Banking,BANK OF AMERICA/PETRODOW II,FALSE,NA,BANK OF AMERICA,CHL,NA,NA,1978
215558,0,215558,Inconvertibility,Colombia,C. Black,CABOT CORP,FALSE,NA,CABOT CORP,COL,1976-1978,1978,1978
250673,0,250673,Inconvertibility,Ghana,Batteries,UNION CARBIDE,FALSE,NA,UNION CARBIDE CORP,GHA,NA,1977,1978
806883,0,8000000,Expropriation,Vietnam,Banking,CHASE MANHATTAN BANK,FALSE,NA,CHASE BANK,VNM,NA,1975,1978
15719,0,15719,Expropriation,Vietnam,Sewing Mach.,SINGER CO,FALSE,NA,SINGER CO,VNM,NA,1977,1978
219038,0,219038,Inconvertibility,Zaire,Textiles,CHASE INTI INVEST CORP,FALSE,NA,CHASE BANK,COD,NA,1977,1978
67500,0,67500,Expropriation,Chad,Gum Arabic,AGRICOLA METALS,FALSE,NA,AGRICOLA METALS CORP,TCD,1975-1976,1976,1979
833214,0,833214,Inconvertibility,Ghana,Tires,FIRESTONE TIRE & RUBBER,FALSE,NA,FIRESTONE TIRE & RUBBER CO,GHA,1978-1979,1979,1979
869275,0,869275,Inconvertibility,Ghana,Tires,FIRESTONE TIRE & RUBBER,FALSE,NA,FIRESTONE TIRE & RUBBER CO,GHA,1978-1979,1979,1979
143798,0,143798,Inconvertibility,Ghana,Batteries,UNION CARBIDE,FALSE,NA,UNION CARBIDE CORP,GHA,NA,NA,1979
123871,0,123871,War damage,Indonesia,Mining,FREEPORT MINERALS,FALSE,NA,FREEPORT MCMORAN INC,IDN,NA,1977,1979
257478,0,257478,Inconvertibility,Peru,Mining,COMPANIA MINERA,FALSE,NA,MINERA DEL MADRIGAL CIA,PER,1976-1977,1977,1979
85999,0,85999,Inconvertibility,Turkey,Pharm.,AMERICAN HOME PRODUCTS,FALSE,NA,AMERICAN HOME PRODUCTS CORP,TUR,NA,1976,1979
272988,0,272988,Inconvertibility,Zaire,Textiles,CHASE INTL INVEST CORP,FALSE,NA,CHASE BANK,COD,NA,1977,1979
500000,0,500000,Inconvertibility,Zaire,Banking,CITIBANK,FALSE,NA,CITIGROUP,COD,NA,1978,1979
3124443,0,3124443,Inconvertibility,Zaire,Tires,GOODYEAR TIRE & RUBBER,FALSE,NA,GOODYEAR TIRE & RUBBER CO,COD,1974-1979,1979,1979
928723,0,928723,Inconvertibility,Zaire,Tires,GOODYEAR TIRE & RUBBER,FALSE,NA,GOODYEAR TIRE & RUBBER CO,COD,1974-1979,1979,1979
953464,0,953464,Inconvertibility,Dominican Republic,Dairy,CARNATION INT'I,FALSE,NA,CARNATION CO,DOM,NA,1979,1980
71305,0,71305,Inconvertibility,Ecuador,Salt,MORTON-NORWICH,FALSE,NA,MORTON INTERNATIONAL LTD,ECU,1976-1977,1977,1980
1079568,0,1079568,Inconvertibility,Ghana,Tires,FIRESTONE TIRE & RUBBER,FALSE,NA,FIRESTONE TIRE & RUBBER CO,GHA,NA,1979,1980
1080457,0,1080457,Inconvertibility,Ghana,Tires,FIRESTONE TIRE & RUBBER,FALSE,NA,FIRESTONE TIRE & RUBBER CO,GHA,NA,1979,1980
344285,0,344285,Inconvertibility,Ghana,Tires,FIRESTONE TIRE & RUBBER,FALSE,NA,FIRESTONE TIRE & RUBBER CO,GHA,NA,1979,1980
143944,0,143944,Inconvertibility,Ghana,Batteries,UNION CARBIDE,FALSE,NA,UNION CARBIDE CORP,GHA,NA,1979,1980
270724,0,270724,Expropriation,Iran,Dairy,FOREMOST MCKESSON,FALSE,NA,FOREMOST FOODS CO,IRN,NA,1980,1980
478996,0,478996,Inconvertibility,Iran,Razors,GILLETTE CORP,FALSE,NA,GILLETTE CO,IRN,NA,1979,1980
15164,0,15164,Expropriation,Iran,Farming,TRANSWORLD AGRICULTURAL,FALSE,NA,TRANSWORLD,IRN,1973-1976,1976,1980
1313979,0,1313979,Expropriation,Jamaica,Bauxite,REVERE COPPER & BRASS,FALSE,NA,REVERE COPPER & BRASS INC,JAM,NA,1974,1980
83160,0,83160,Inconvertibility,Nicaragua,Vitreous Ware,AMERICAN STANDARD,FALSE,NA,AMERICAN STANDARD INC,NIC,NA,1979,1980
69300,0,69300,Inconvertibility,Nicaragua,Insurance,CITIZENS STD LIFE INSUR,FALSE,NA,CITIZENS STANDARD LIFE INSURANCE CO,NIC,NA,1979,1980
37977,0,37977,Inconvertibility,Nicaragua,Insurance,CITIZENS STD LIFE INSUR,FALSE,NA,CITIZENS STANDARD LIFE INSURANCE CO,NIC,NA,1979,1980
16775,0,16775,War damage,Nicaragua,Flour,GENERA MILLS,FALSE,NA,GENERAL MILLS INC,NIC,NA,1979,1980
108522,0,108522,Inconvertibility,Nicaragua,Flour,GENERAL MILLS,FALSE,NA,GENERAL MILLS INC,NIC,NA,1979,1980
276150,0,276150,Inconvertibility,Nicaragua,Flour,GENERAL MILLS,FALSE,NA,GENERAL MILLS INC,NIC,NA,1980,1980
247115,0,247115,War damage,Nicaragua,Retail,SEARS ROEBUCK & CO,FALSE,NA,SEARS ROEBUCK,NIC,NA,1979,1980
1022155,0,1022155,Inconvertibility,Sudan,Batteries,UNION CARBIDE,FALSE,NA,UNION CARBIDE CORP,SDN,NA,1978,1980
500000,0,500000,Inconvertibility,Sudan,Batteries,UNION CARBIDE,FALSE,NA,UNION CARBIDE CORP,SDN,NA,NA,1980
377845,0,377845,Inconvertibility,Sudan,Batteries,UNION CARBIDE,FALSE,NA,UNION CARBIDE CORP,SDN,NA,NA,1980
135550,0,135550,Inconvertibility,Zaire,Textiles,CHASE INTL INVEST CORP,FALSE,NA,CHASE BANK,COD,NA,1978,1980
2300000,0,2300000,Inconvertibility,Zaire,Flour,CONTINENTAL MILLING,FALSE,NA,CENTRAL OVERSEAS CORP,COD,NA,1979,1980
316000,0,316000,Inconvertibility,Zaire,Flour,CONTINENTAL MILLING,FALSE,NA,CENTRAL OVERSEAS CORP,COD,NA,1979,1980
31756,0,31756,Inconvertibility,Zaire,Banking,CROCKER INT'L INVEST CORP,FALSE,NA,CROCKER NATIONAL BANK,COD,NA,1979,1980
118486,0,118486,Inconvertibility,Zaire,Tires,GOODYEAR TIRE & RUBBER,FALSE,NA,GOODYEAR TIRE & RUBBER CO,COD,1974-1979,1979,1980
28875,0,28875,Inconvertibility,Zaire,Tires,GOODYEAR TIRE & RUBBER,FALSE,NA,GOODYEAR TIRE & RUBBER CO,COD,1974-1979,1979,1980
91544,0,91544,Inconvertibility,Zaire,Tires,GOODYEAR TIRE & RUBBER,FALSE,NA,GOODYEAR TIRE & RUBBER CO,COD,1974-1979,1979,1980
1354207,0,1354207,Inconvertibility,Zaire,Tires,GOODYEAR TIRE & RUBBER,FALSE,NA,GOODYEAR TIRE & RUBBER CO,COD,1974-1979,1979,1980
87020,0,87020,Inconvertibility,Zaire,Tires,GOODYEAR TIRE & RUBBER,FALSE,NA,GOODYEAR TIRE & RUBBER CO,COD,1974-1979,1979,1980
57750,0,57750,Inconvertibility,Zaire,Tires,GOODYEAR TIRE & RUBBER,FALSE,NA,GOODYEAR TIRE & RUBBER CO,COD,1974-1979,1979,1980
347566,0,347566,Inconvertibility,Dominican Republic,Dairy,CARNATION INTI,FALSE,NA,CARNATION CO,DOM,1978-1979,1979,1981
194000,0,194000,Inconvertibility,Dominican Republic,Phami.,WARNER LAMBERT,FALSE,NA,WARNER LAMBERT CO,DOM,law passed in 1972 / dividend from 1979,1979,1981
348301,0,348301,Inconvertibility,El Salvador,Paper,KIMBERLY CLARK,FALSE,NA,KIMBERLY CLARK CORP,SLV,NA,1981,1981
330455,0,330455,Inconvertibility,Ghana,Tires,FIRESTONE TIRE & RUBBER,FALSE,NA,FIRESTONE TIRE & RUBBER CO,GHA,1979-1980,1980,1981
172690,0,172690,Inconvertibility,Ghana,Tires,FIRESTONE TIRE & RUBBER,FALSE,NA,FIRESTONE TIRE & RUBBER CO,GHA,1979-1980,1980,1981
229607,0,229607,Inconvertibility,Ghana,Tires,FIRESTONE TIRE & RUBBER,FALSE,NA,FIRESTONE TIRE & RUBBER CO,GHA,1979-1980,1980,1981
7116636,0,7116636,Inconvertibility,Ghana,Tires,FIRESTONE TIRE 8C RUBBER,FALSE,NA,FIRESTONE TIRE & RUBBER CO,GHA,1979-1980,1980,1981
2584986,0,2584986,Expropriation,Iran,C. Black,CABOT CORP,FALSE,NA,CABOT CORP,IRN,1978-1979,1979,1981
896152,0,896152,Expropriation,Iran,Const,DRESSER INDUSTRIES,FALSE,NA,DRESSER INDUSTRIES INC,IRN,1978-1979,1979,1981
3722291,0,3722291,Expropriation,Iran,Dairy,FOREMOST MCKESSON,FALSE,NA,FOREMOST FOODS CO,IRN,1979-1980,1980,1981
2012000,0,2012000,Expropriation,Iran,Wire,PHELPS DODGE CORP,FALSE,NA,PHELPS DODGE CORP,IRN,NA,1979,1981
74110,0,74110,Inconvertibility,Nicaragua,Insurance,CITIZENS STD LIFE INSUR,FALSE,NA,CITIZENS STANDARD LIFE INSURANCE CO,NIC,NA,1980,1981
44882,0,44882,Inconvertibility,Nicaragua,Insurance,CITIZENS STD LIFE INSUR,FALSE,NA,CITIZENS STANDARD LIFE INSURANCE CO,NIC,NA,1980,1981
35491,0,35491,Inconvertibility,Nicaragua,Flour,GENERAL MILLS,FALSE,NA,GENERAL MILLS INC,NIC,1980-1981,1981,1981
12066,0,12066,War damage,Nicaragua,Feed,RALSTON PURINA,FALSE,NA,RALSTON PURINA CO,NIC,NA,1979,1981
130722,0,130722,Inconvertibility,Zaire,Textiles,CHASE INTI INVEST CORP,FALSE,NA,CHASE BANK,COD,NA,1980,1981
10703,0,10703,Inconvertibility,Zaire,Banking,CROCKER INTI INVEST CORP,FALSE,NA,CROCKER NATIONAL BANK,COD,1979-1981,1981,1981
1158054,0,1158054,Inconvertibility,Zaire,Tires,GOODYEAR 'FIRE & RUBBER,FALSE,NA,GOODYEAR TIRE & RUBBER CO,COD,NA,NA,1981
67941,0,67941,Inconvertibility,Zaire,Tires,GOODYEAR TIRE & RUBBER,FALSE,NA,GOODYEAR TIRE & RUBBER CO,COD,NA,NA,1981
233678,0,233678,Inconvertibility,Zaire,Tires,GOODYEAR TIRE & RUBBER,FALSE,NA,GOODYEAR TIRE & RUBBER CO,COD,NA,NA,1981
987741,0,987741,Inconvertibility,Zaire,Tires,GOODYEAR TIRE & RUBBER,FALSE,NA,GOODYEAR TIRE & RUBBER CO,COD,NA,NA,1981
242608,0,242608,Inconvertibility,Zaire,Tires,GOODYEAR TIRE & RUBBER,FALSE,NA,GOODYEAR TIRE & RUBBER CO,COD,NA,NA,1981
3978692,0,3978692,Expropriation,Benin,Const,MORRISON-KNUDSEN,FALSE,NA,MORRISON KNUDSEN CO INC,BEN,NA,NA,1982
417949,0,417949,Inconvertibility,El Salvador,Paper,KIMBERLY CLARK,FALSE,NA,KIMBERLY CLARK CORP,SLV,NA,1982,1982
393612,0,393612,Inconvertibility,El Salvador,Wire,PHELPS DODGE CORP,FALSE,NA,PHELPS DODGE CORP,SLV,1982-1983,1983,1982
109000,0,109000,Inconvertibility,Ghana,Batteries,UNION CARBIDE,FALSE,NA,UNION CARBIDE CORP,GHA,NA,NA,1982
75600,0,75600,Inconvertibility,Ghana,Batteries,UNION CARBIDE,FALSE,NA,UNION CARBIDE CORP,GHA,NA,NA,1982
2395000,0,2395000,Expropriation,Iran,Air Cond.,CARRIER CORP,FALSE,NA,CARRIER CORP,IRN,NA,1979,1982
236000,0,236000,Expropriation,Iran,Glucose,CPC EUROPE GROUP,FALSE,NA,CPC EUROPE GROUP LTD,IRN,NA,1979,1982
15000,0,15000,Expropriation,Iran,Dairy,FOREMOST MCKESSON,FALSE,NA,FOREMOST FOODS CO,IRN,NA,NA,1982
164853,0,164853,Expropriation,Iran,Razors,GILLETTE CORP,FALSE,NA,GILLETTE CO,IRN,NA,1979,1982
1754832,0,1754832,Expropriation,Iran,Hotels,INTERCONTINENTAL HOTELS,FALSE,NA,INTERCONTINENTAL HOTELS,IRN,NA,1979,1982
44346,0,44346,Inconvertibility,Nicaragua,Grain,GENERAL MILLS,FALSE,NA,GENERAL MILLS INC,NIC,1980-1981,1981,1982
1061553,0,1061553,Inconvertibility,Sudan,Banking,EQUATOR BANK,TRUE,"Syndicate of lenders involved in the Sudan Ren chemicals project. Claim may refer to any of these investors: Industrial National Bank, First National Boston Corp, Security Pacific Corp, Continental Illinois National Bank & Trust Co Of Chicago, First National Bank Of St Paul, Hartford National Corp, New England Merchants National Bank",CITIGROUP,SDN,NA,NA,1982
2157902,0,2157902,Inconvertibility,Sudan,Banking,EQUATOR BANK,TRUE,"Syndicate of lenders involved in the Sudan Ren chemicals project. Claim may refer to any of these investors: Industrial National Bank, First National Boston Corp, Security Pacific Corp, Continental Illinois National Bank & Trust Co Of Chicago, First National Bank Of St Paul, Hartford National Corp, New England Merchants National Bank",CITIGROUP,SDN,NA,NA,1982
1403267,0,1403267,Inconvertibility,Sudan,Batteries,UNION CARBIDE,FALSE,NA,UNION CARBIDE CORP,SDN,NA,NA,1982
84090,NA,84090,Inconvertibility,Zaire,Textiles,CHASE INTI INVEST CORP,FALSE,NA,CHASE BANK,COD,NA,NA,1982
792000,0,792000,Inconvertibility,Argentina,C. Black,CABOT CORP,FALSE,NA,CABOT CORP,ARG,NA,1982,1983
1064452,0,1064452,Inconvertibility,Dominican Republic,Containers,AMERICAN CAN,FALSE,NA,AMERICAN CAN CO,DOM,"law passed in 1972, but company hit cap only in 1982",1982,1983
696602,0,696602,Inconvertibility,El Salvador,Paper,KIMBERLY CLARK,FALSE,NA,KIMBERLY CLARK CORP,SLV,NA,1982,1983
582051,0,582051,Inconvertibility,El Salvador,Paper,KIMBERLY CLARK,FALSE,NA,KIMBERLY CLARK CORP,SLV,NA,1982,1983
123319,0,123319,Inconvertibility,Ghana,Tires,FIRESTONE 'FIRE & RUBBER,FALSE,NA,FIRESTONE TIRE & RUBBER CO,GHA,NA,NA,1983
112472,0,112472,Inconvertibility,Ghana,Tires,FIRESTONE TIRE & RUBBER,FALSE,NA,FIRESTONE TIRE & RUBBER CO,GHA,NA,NA,1983
406890,0,406890,Inconvertibility,Ghana,Rubber,FIRESTONE TIRE & RUBBER,FALSE,NA,FIRESTONE TIRE & RUBBER CO,GHA,NA,NA,1983
1045,0,1045,Inconvertibility,Ghana,Batteries,UNION CARBIDE,FALSE,NA,UNION CARBIDE CORP,GHA,NA,1982,1983
48421,0,48421,Expropriation,Iran,Razors,GILLETTE CORP,FALSE,NA,GILLETTE CO,IRN,NA,NA,1983
460305,0,460305,Expropriation,Iran,Elevators,OTIS ELEVATOR,FALSE,NA,OTIS ELEVATOR CO,IRN,NA,1979,1983
84842,0,84842,War damage,Nicaragua,Ceramics,AMERICAN STANDARD,FALSE,NA,AMERICAN STANDARD INC,NIC,NA,1979,1983
138370,0,138370,Inconvertibility,Nicaragua,Insurance,CITIZENS STD LIFE INSUR,FALSE,NA,CITIZENS STANDARD LIFE INSURANCE CO,NIC,NA,1979,1983
39185,0,39185,Inconvertibility,Nicaragua,Insurance,CITIZENS STD LIFE INSUR,FALSE,NA,CITIZENS STANDARD LIFE INSURANCE CO,NIC,NA,1979,1983
871841,0,871841,Inconvertibility,Sudan,Banking,EQUATOR BANK,TRUE,"Syndicate of lenders involved in the Sudan Ren chemicals project. Claim may refer to any of these investors: Industrial National Bank, First National Boston Corp, Security Pacific Corp, Continental Illinois National Bank & Trust Co Of Chicago, First National Bank Of St Paul, Hartford National Corp, New England Merchants National Bank",CITIGROUP,SDN,NA,NA,1983
969341,0,969341,Inconvertibility,Sudan,Banking,EQUATOR BANK,TRUE,"Syndicate of lenders involved in the Sudan Ren chemicals project. Claim may refer to any of these investors: Industrial National Bank, First National Boston Corp, Security Pacific Corp, Continental Illinois National Bank & Trust Co Of Chicago, First National Bank Of St Paul, Hartford National Corp, New England Merchants National Bank",CITIGROUP,SDN,NA,NA,1983
196732,0,196732,Inconvertibility,Sudan,Batteries,UNION CARBIDE,FALSE,NA,UNION CARBIDE CORP,SDN,NA,NA,1983
102141,0,102141,Inconvertibility,Zaire,Textiles,CHASE INTL INVEST CORP,FALSE,NA,CHASE BANK,COD,NA,1982,1983
56938,0,56938,Inconvertibility,Bolivia,Banking,BANK OF AMERICA,FALSE,NA,BANK OF AMERICA,BOL,NA,1983,1984
11258364,0,11258364,Inconvertibility,Dominican Republic,Sugar,GULF & WESTERN,FALSE,NA,GULF & WESTERN,DOM,NA,1984,1984
803377,0,803377,Inconvertibility,El Salvador,Paper,KIMBERLY CLARK,FALSE,NA,KIMBERLY CLARK CORP,SLV,NA,1983,1984
316150,0,316150,Inconvertibility,Ghana,Tires,FIRESTONE TIRE & RUBBER,FALSE,NA,FIRESTONE TIRE & RUBBER CO,GHA,NA,1983,1984
518810,0,518810,Inconvertibility,Ghana,Tires,FIRESTONE TIRE & RUBBER,FALSE,NA,FIRESTONE TIRE & RUBBER CO,GHA,NA,1983,1984
650000,0,650000,Inconvertibility,Guyana,Banking,CHASE MANHATTAN BANK,FALSE,NA,CHASE BANK,GUY,NA,1982,1984
86319,0,86319,Inconvertibility,Nicaragua,Insurance,CITIZENS STD LIFE INSUR,FALSE,NA,CITIZENS STANDARD LIFE INSURANCE CO,NIC,NA,NA,1984
181972,0,181972,Inconvertibility,Philippines,Steel,ARMCO,FALSE,NA,ARMCO INC,PHL,NA,1983,1984
345257,0,345257,Inconvertibility,Philippines,Steel,ARMCO,FALSE,NA,ARMCO INC,PHL,NA,1983,1984
296957,0,296957,Inconvertibility,Philippines,Steel,ARMCO,FALSE,NA,ARMCO INC,PHL,NA,1983,1984
124709,0,124709,Inconvertibility,Philippines,Steel,ARMCO,FALSE,NA,ARMCO INC,PHL,NA,1983,1984
297000,0,297000,Inconvertibility,Philippines,Steel,ARMCO,FALSE,NA,ARMCO INC,PHL,NA,1983,1984
517606,0,517606,Inconvertibility,Philippines,Grain,GENERAL FOODS,FALSE,NA,GENERAL FOODS CORP,PHL,NA,1983,1984
178200,0,178200,Inconvertibility,Philippines,Paper,KIMBERLY CLARK,FALSE,NA,KIMBERLY CLARK CORP,PHL,NA,1983,1984
163214,0,163214,Inconvertibility,Philippines,Paper,KIMBERLY CLARK,FALSE,NA,KIMBERLY CLARK CORP,PHL,NA,1983,1984
3960000,0,3960000,Inconvertibility,Philippines,Energy,PHILIPPINE GEOTHERMAL,FALSE,NA,PHILLIPPINE GEOTHERMAL INC,PHL,1982-1983,1983,1984
19852,0,19852,Inconvertibility,Philippines,Baking,UNIVERSAL FOODS,FALSE,NA,UNIVERSAL FOODS CORP,PHL,NA,1983,1984
12716,0,12716,Inconvertibility,Philippines,Baking,UNIVERSAL FOODS,FALSE,NA,UNIVERSAL FOODS CORP,PHL,NA,1983,1984
2643109,0,2643109,Inconvertibility,Sudan,Banking,EQUATOR BANK,TRUE,"Syndicate of lenders involved in the Sudan Ren chemicals project. Claim may refer to any of these investors: Industrial National Bank, First National Boston Corp, Security Pacific Corp, Continental Illinois National Bank & Trust Co Of Chicago, First National Bank Of St Paul, Hartford National Corp, New England Merchants National Bank",CITIGROUP,SDN,NA,NA,1984
2685559,0,2685559,Inconvertibility,Sudan,Banking,EQUATOR BANK,TRUE,"Syndicate of lenders involved in the Sudan Ren chemicals project. Claim may refer to any of these investors: Industrial National Bank, First National Boston Corp, Security Pacific Corp, Continental Illinois National Bank & Trust Co Of Chicago, First National Bank Of St Paul, Hartford National Corp, New England Merchants National Bank",CITIGROUP,SDN,NA,NA,1984
629618,0,6000000,Expropriation,Vietnam,Banking,BANK OF AMERICA,FALSE,NA,BANK OF AMERICA,VNM,NA,1975,1984
21168,0,21168,Inconvertibility,Zaire,Textiles,CHASE INTI INVEST CORP,FALSE,NA,CHASE BANK,COD,NA,1983,1984
1000000,0,1000000,Inconvertibility,Dominican Republic,Banking,BANK OF AMERICA,FALSE,NA,BANK OF AMERICA,DOM,NA,1983,1985
1680000,0,1680000,Inconvertibility,Dominican Republic,Banking,BANK OF AMERICA,FALSE,NA,BANK OF AMERICA,DOM,NA,1983,1985
1043495,0,1043495,Inconvertibility,Dominican Republic,Banking,CHASE MANHATTAN BANK,FALSE,NA,CHASE BANK,DOM,NA,NA,1985
1844981,0,1844981,Inconvertibility,Dominican Republic,Banking,CITIBANK,FALSE,NA,CITIGROUP,DOM,NA,NA,1985
498000,0,498000,Inconvertibility,Dominican Republic,Tobacco,PHILIP MORRIS,FALSE,NA,PHILIP MORRIS INC,DOM,NA,1984,1985
1344362,0,1344362,Inconvertibility,El Salvador,Paper,KIMBERLY CLARK,FALSE,NA,KIMBERLY CLARK CORP,SLV,NA,1984,1985
198180,0,198180,Inconvertibility,Guatemala,Pipes,ATITLAN,FALSE,"Metal culvert (pipes) production facility for the Drenajes Y Tuberia Corrugado, joint between Tri State Culvert (later “Atitlan”) and North American Culvert (Kantor et al.) investor_us set to “TRI-STATE” because there is no insurance contract under “NORTH AMERICAN CULVERT”, only a finance project.",TRI STATE CULVERT CORP,GTM,NA,1985,1985
452072,0,452072,Inconvertibility,Guatemala,Pipes,ATITLAN,FALSE,"Metal culvert (pipes) production facility for the Drenajes Y Tuberia Corrugado, joint between Tri State Culvert (later “Atitlan”) and North American Culvert (Kantor et al.) investor_us set to “TRI-STATE” because there is no insurance contract under “NORTH AMERICAN CULVERT”, only a finance project.",TRI STATE CULVERT CORP,GTM,NA,1983,1985
559748,0,159748,Inconvertibility,Guatemala,Pipes,ATITLAN,FALSE,"Metal culvert (pipes) production facility for the Drenajes Y Tuberia Corrugado, joint between Tri State Culvert (later “Atitlan”) and North American Culvert (Kantor et al.) investor_us set to “TRI-STATE” because there is no insurance contract under “NORTH AMERICAN CULVERT”, only a finance project.",TRI STATE CULVERT CORP,GTM,NA,1985,1985
1242564,0,1242564,Inconvertibility,Guyana,Mill,SEABOARD,FALSE,NA,SEABOARD CORP,GUY,NA,1985,1985
297000,0,297000,Inconvertibility,Philippines,Steel,ANNCO,FALSE,NA,AMOCO CORP,PHL,NA,NA,1985
112640,0,112640,Inconvertibility,Philippines,Steel,ARMCO,FALSE,NA,ARMCO INC,PHL,NA,1983,1985
183115,0,183115,Inconvertibility,Philippines,Grain,GENERAL FOODS,FALSE,NA,GENERAL FOODS CORP,PHL,NA,1984,1985
163858,0,163858,Inconvertibility,Philippines,Grain,GENERAL FOODS,FALSE,NA,GENERAL FOODS CORP,PHL,NA,1984,1985
343888,0,343888,Inconvertibility,Philippines,Paper,KIMBERLY CLARK,FALSE,NA,KIMBERLY CLARK CORP,PHL,NA,1983,1985
82253,0,82253,Inconvertibility,Philippines,Paper,KIMBERLY CLARK,FALSE,NA,KIMBERLY CLARK CORP,PHL,NA,1983,1985
178200,0,378200,Inconvertibility,Philippines,Paper,KIMBERLY CLARK,FALSE,NA,KIMBERLY CLARK CORP,PHL,NA,1983,1985
100265,0,100265,Inconvertibility,Philippines,Paper,KIMBERLY CLARK,FALSE,NA,KIMBERLY CLARK CORP,PHL,NA,1983,1985
363598,0,363598,Inconvertibility,Philippines,Banking,MORGAN GUARANTY,FALSE,NA,MORGAN GUARANTY,PHL,NA,NA,1985
645581,0,645581,Inconvertibility,Sierra Leone,Mill,SEABOARD,FALSE,NA,SEABOARD CORP,SLE,NA,1985,1985
2339791,0,2339791,Inconvertibility,Sudan,Banking,EQUATOR BANK,TRUE,"Syndicate of lenders involved in the Sudan Ren chemicals project. Claim may refer to any of these investors: Industrial National Bank, First National Boston Corp, Security Pacific Corp, Continental Illinois National Bank & Trust Co Of Chicago, First National Bank Of St Paul, Hartford National Corp, New England Merchants National Bank",CITIGROUP,SDN,NA,NA,1985
2545540,0,2545540,Inconvertibility,Sudan,Banking,EQUATOR BANK,TRUE,"Syndicate of lenders involved in the Sudan Ren chemicals project. Claim may refer to any of these investors: Industrial National Bank, First National Boston Corp, Security Pacific Corp, Continental Illinois National Bank & Trust Co Of Chicago, First National Bank Of St Paul, Hartford National Corp, New England Merchants National Bank",CITIGROUP,SDN,NA,NA,1985
769518,0,769518,Inconvertibility,El Salvador,Paper,KIMBERLY CLARK,FALSE,NA,KIMBERLY CLARK CORP,SLV,NA,NA,1986
136558,0,136558,Inconvertibility,El Salvador,Wire,PHELPS DODGE CORP,FALSE,NA,PHELPS DODGE CORP,SLV,NA,NA,1986
356400,0,356400,Inconvertibility,Philippines,Paper,KIMBERLY CLARK,FALSE,NA,KIMBERLY CLARK CORP,PHL,NA,NA,1986
138356,0,138356,Inconvertibility,Philippines,Paper,KIMBERLY CLARK,FALSE,NA,KIMBERLY CLARK CORP,PHL,NA,NA,1986
117285,0,117285,Inconvertibility,Philippines,Paper,KIMBERLY CLARK,FALSE,NA,KIMBERLY CLARK CORP,PHL,NA,NA,1986
178200,0,178200,Inconvertibility,Philippines,Paper,KIMBERLY CLARK,FALSE,NA,KIMBERLY CLARK CORP,PHL,NA,NA,1986
42416,NA,42416,Inconvertibility,Sierra Leone,Mill,SEABOARD,FALSE,NA,SEABOARD CORP,SLE,NA,1986,1986
207584,0,207584,Inconvertibility,Sierra Leone,Mill,SEABOARD,FALSE,NA,SEABOARD CORP,SLE,NA,1986,1986
180000,0,180000,Expropriation,St. Kitts,Fishing,BERNARD SAL 41,FALSE,NA,SALVADOR BERNARD J,KNA,NA,1984,1986
1398060,0,1398060,Inconvertibility,Sudan,Banking,EQUATOR BANK,TRUE,"Syndicate of lenders involved in the Sudan Ren chemicals project. Claim may refer to any of these investors: Industrial National Bank, First National Boston Corp, Security Pacific Corp, Continental Illinois National Bank & Trust Co Of Chicago, First National Bank Of St Paul, Hartford National Corp, New England Merchants National Bank",CITIGROUP,SDN,NA,NA,1986
24210,0,24210,Political violence,Haiti,Farming,CARIBE CROWN,FALSE,NA,CARIBE CROWN INC,HTI,NA,1984,1987
201128,0,201128,Political violence,Indonesia,Mining,FREEPORT MCMORAN,FALSE,NA,FREEPORT MCMORAN INC,IDN,NA,1986,1987
920700,0,920700,Expropriation,Iran,Razors,GILLETTE CORP,FALSE,NA,GILLETTE CO,IRN,NA,NA,1987
2000000,0,2000000,Expropriation,Nicaragua,Agriculture,STANDARD FRUIT,FALSE,Unable to find information on this. Kantor et al. Has no info either.,NA,NIC,NA,NA,1987
104291,0,104291,Inconvertibility,Philippines,Paper,KIMBERLY CLARK,FALSE,NA,KIMBERLY CLARK CORP,PHL,NA,NA,1987
178200,0,178200,Inconvertibility,Philippines,Paper,KIMBERLY CLARK,FALSE,NA,KIMBERLY CLARK CORP,PHL,NA,NA,1987
980854,0,980854,Inconvertibility,Guyana,Mill,SEABOARD,FALSE,NA,SEABOARD CORP,GUY,NA,1988,1988
1321467,0,1321467,War damage,Philippines,Energy,PHILIPPINE GEOTHERMAL,FALSE,NA,PHILLIPPINE GEOTHERMAL INC,PHL,NA,1987,1988
2080565,0,2080565,Inconvertibility,Dominican Republic,Tobacco,PHILIP MORRIS,FALSE,NA,PHILIP MORRIS INC,DOM,NA,1989,1989
45534,0,45534,Political violence,Haiti,Tanning,HOYT & WORT HEN,FALSE,NA,HOYT & WORTHEN TANNING CORP,HTI,NA,1989,1989
30000,0,30000,Expropriation,Haiti,Farming,RALPH MATHIEU,FALSE,NA,MATHIEU RALPH,HTI,NA,1986,1989
326561,0,326561,Inconvertibility,Honduras,Wire,PHELPS DODGE CORP,FALSE,NA,PHELPS DODGE CORP,HND,NA,1988,1989
357209,0,357209,Inconvertibility,Honduras,Wire,PHELPS DODGE CORP,FALSE,NA,PHELPS DODGE CORP,HND,NA,1989,1989
799762,0,799762,Inconvertibility,Dominican Republic,Banking,CHASE MANHATTAN BANK,FALSE,NA,CHASE BANK,DOM,NA,NA,1990
1495186,0,1495186,Inconvertibility,Dominican Republic,Banking,CITIBANK,FALSE,NA,CITIGROUP,DOM,NA,NA,1990
1640331,0,1640331,Inconvertibility,Dominican Republic,Tobacco,PHILIP MORRIS,FALSE,NA,PHILIP MORRIS INC,DOM,NA,NA,1990
300960,0,300960,Inconvertibility,Honduras,Paper,KIMBERLY CLARK,FALSE,NA,KIMBERLY CLARK CORP,HND,NA,NA,1990
470775,0,470775,Inconvertibility,Honduras,Wire,PHELPS DODGE CORP,FALSE,NA,PHELPS DODGE CORP,HND,NA,NA,1990
2429352,0,2429352,Political violence,Liberia,Rubber,KEENE INDUSTRIES,FALSE,NA,KEENE INDUSTRIES INC,LBR,NA,NA,1991
55911,0,55911,Political violence,Panama,Paper,KIMBERLY CLARK,FALSE,NA,KIMBERLY CLARK CORP,PAN,NA,NA,1991
6169,0,6169,Political violence,Rwanda,Tea,TEA IMPORTERS,FALSE,NA,TEA IMPORTERS INC,RWA,NA,NA,1991
0,30000000,30000000,Expropriation,Sri Lanka,Const,ZACHARY & DILLINGHAM,FALSE,NA,ZACHRY H B CO,LKA,NA,NA,1991
2009894,0,2009894,Inconvertibility,Brazil,Grain,CONTINENTAL GRAIN,FALSE,NA,CONTINENTAL GROUP INC,BRA,NA,NA,1992
43750,0,43750,Expropriation,Egypt,Seed,CARTER DAY,FALSE,NA,CARTER DAY INTERNATIONAL INC,EGY,NA,NA,1992
155897,NA,155897,Political violence,Haiti,Tanning,HOYT & WORTHEN,FALSE,NA,HOYT & WORTHEN TANNING CORP,HTI,NA,NA,1992
20371,0,20371,Expropriation,Syria,Farming,HENRY R JAHN,FALSE,NA,HENRY R JAHN & SON INC,SYR,NA,NA,1992
72288,0,72288,Inconvertibility,Brazil,Grain,CONTINENTAL GRAIN,FALSE,NA,CONTINENTAL GROUP INC,BRA,NA,NA,1993
434110,0,434110,Political violence,Haiti,Farming,HAITIAN TROPICAL,FALSE,Victor Knight Jr made the OPIC claim (AP).,KNIGHT D VICTOR SR ET AL,HTI,NA,NA,1993
1110894,0,1110894,Political violence,Liberia,Rubber,KEENE INDUSTRIES,FALSE,NA,KEENE INDUSTRIES INC,LBR,NA,NA,1993
1674843,0,1674843,Political violence,Liberia,Rubber,KEENE INDUSTRIES,FALSE,NA,KEENE INDUSTRIES INC,LBR,NA,NA,1993
155644,0,155644,Political violence,Yugoslavia,Jewelry,SCHWARTZ/JACOBOWITZ,FALSE,Their company was called Good Fortune Gold (AP).,GOOD FORTUNE GOLD (JACOBOWITZ MURRAY),YUG,NA,NA,1993
305900,0,305900,Political violence,Haiti,Farming,HAITIAN TROPICAL,FALSE,Victor Knight Jr made the OPIC claim (AP).,KNIGHT D VICTOR SR ET AL,HTI,NA,NA,1994
53966,0,53966,Political violence,Rwanda,Tea,TEA IMPORTERS,FALSE,NA,TEA IMPORTERS INC,RWA,NA,NA,1994
185885,0,185885,Political violence,Zaire,Farming,AGRONOM,FALSE,NA,AGRONOM INTERNATIONAL,COD,NA,NA,1994
319091,0,319091,Political violence,Haiti,Tanning,CHARLES HOYT,FALSE,NA,OMEGA INDUSTRIES SA (CHARLES HOYT),HTI,NA,NA,1995
178429,0,178429,Political violence,Rwanda,Tea,TEA IMPORTERS,FALSE,NA,TEA IMPORTERS INC,RWA,NA,NA,1995
21000,0,21000,Political violence,Dominican Republic,Agriculture,ANDRE GREENHOUSES INC,FALSE,NA,ANDRE GREENHOUSES INC,DOM,NA,NA,1996
1500000,0,1500000,Political violence,Sierra Leone,Mining,NORD RESOURCES CORP,FALSE,NA,NORD RESOURCES CORP,SLE,NA,1995,1996
5900000,0,5900000,Expropriation,Belarus,Services,ALLIANT TECHSYSTEMS INC,FALSE,NA,ALLIANT TECHSYSTEMS INC,BLR,1995-1996,1996,1997
1561,0,1561,Political violence,Rwanda,Tea,C &W TRADING COMPANY INC,FALSE,NA,C&W TRADING CO INC,RWA,NA,NA,1997
8317,0,8317,Political violence,Rwanda,Tea,TEA IMPORTERS,FALSE,NA,TEA IMPORTERS INC,RWA,NA,NA,1997
14204500,0,14204500,Political violence,Sierra Leone,Mining,NORD RESOURCES CORP,FALSE,NA,NORD RESOURCES CORP,SLE,NA,NA,1998
3950000,0,3950000,Political violence,Zaire,Manufacturing,AFRICAN HOLDING COMPANY,FALSE,Kantor et al.,GOODYEAR TIRE & RUBBER CO,COD,NA,NA,1998
1494000,0,1494000,Expropriation,Jamaica,Manufacturing,JOSEPH COMPANIES INC,FALSE,NA,JOSEPH COMPANIES INC OF MINNEAPOLIS,JAM,NA,NA,1999
17700000,0,17700000,Expropriation,Ukraine,Services,ALLIANT TECHSYSTEMS INC,FALSE,NA,ALLIANT TECHSYSTEMS INC,UKR,1995-1999,1999,1999
9563,0,9563,Political violence,Ethiopia,Manufacturing,FC SCHAFFER & ASSOCIATES,FALSE,NA,F C SCHAFFER & ASSOCIATES INC,ETH,NA,NA,2000
217500000,0,217500000,Expropriation,Indonesia,Power,MIDAMERICAN ENERGY HOLDINGS,FALSE,NA,MISSION ENERGY COMPANY,IDN,1998-1999,1999,2000
1055607,0,1055607,Expropriation,Sudan,Banking,CITIBANK,FALSE,NA,CITIGROUP,SDN,1997-1998,1998,2000
3750000,0,3750000,Expropriation,Sudan,Banking,CITIBANK,FALSE,NA,CITIGROUP,SDN,NA,1999,2001
2369736,0,2369736,Political violence,Colombia,Mining,SECTOR RESOURCES/SECTOR CAPITAL,FALSE,NA,SECTOR CAPITAL CORP,COL,NA,NA,2002
114610,0,114565,Political violence,Colombia,Mining,SECTOR CAPITAL CORP,FALSE,NA,SECTOR CAPITAL CORP,COL,NA,2001,2003
114439,0,114419,Political violence,Colombia,Mining,SECTOR CAPITAL CORP,FALSE,NA,SECTOR CAPITAL CORP,COL,NA,2001,2003
114447,0,114447,Political violence,Colombia,Mining,SECTOR CAPITAL CORP,FALSE,NA,SECTOR CAPITAL CORP,COL,NA,2001,2003
170979,0,170979,Political violence,Colombia,Mining,SECTOR CAPITAL CORP,FALSE,NA,SECTOR CAPITAL CORP,COL,NA,2001,2003
28139505,0,28139505,Expropriation,India,Banking,BANK OF AMERICA,FALSE,NA,BANK OF AMERICA,IND,Complicated claim w.r.t. partnership between Enron and Bechtel (Kantor et al.).,2001,2003
29857,0,29857,Political violence,Afghanistan,Services,SHELTER FOR LIFE INF,FALSE,NA,SHELTER FOR LIFE INTERNATIONAL INC,AFG,NA,2004,2004
3200000,0,3200000,Expropriation,Colombia,Power,AES CORP,FALSE,Kantor et al. Also see the raw name in the projects file with (AES Corp) in parentheses.,K&M ENGINEERING & CONSULTING CORP,COL,NA,2001,2004
7600000,0,7600000,Expropriation,Colombia,Power,BANK OF AMERICA NA,FALSE,NA,BANK OF AMERICA,COL,NA,NA,2004
114426,0,114426,Political violence,Colombia,Mining,SECTOR CAPITAL CORP,FALSE,NA,SECTOR CAPITAL CORP,COL,NA,NA,2004
114408,0,114408,Political violence,Colombia,Mining,SECTOR CAPITAL CORP,FALSE,NA,SECTOR CAPITAL CORP,COL,NA,NA,2004
36923,0,36923,Political violence,Colombia,Mining,SECTOR CAPITAL CORP,FALSE,NA,SECTOR CAPITAL CORP,COL,NA,NA,2004
9995000,0,9995000,Expropriation,India,Power,BECHTEL INDIA POWER INVESTMENT,FALSE,NA,BECHTEL INC,IND,NA,NA,2004
31740226,0,31744922,Expropriation,India,Power,BEN DABHOL HOLDINGS LTD,FALSE,"BEN DABHOL HOLDINGS LTD is a partnership between Enron Power Corporation, Bechtel and General Electric (AP)",ENRON CORP,IND,NA,NA,2004
31808471,0,31803775,Expropriation,India,Power,GE CAPITAL PROJECT FINANCE,FALSE,NA,GENERAL ELECTRIC,IND,NA,NA,2004
9995000,0,9995000,Expropriation,India,Power,GE EFS INDIA HOLDINGS,FALSE,NA,GENERAL ELECTRIC,IND,NA,NA,2004
400000,0,400000,Expropriation,India,Power,OFFSHORE POWER PRODUCTION CV,FALSE,A subsidiary of Enron (AP).,ENRON CORP,IND,NA,NA,2004
5875000,0,5875000,Expropriation,Venezuela,Services,SCIENTIFIC APPLICATIONS INFI CORP,FALSE,NA,SCIENCE APPLICATIONS INT'L CORP,VEN,2001-2003,2003,2004
50000000,0,50000000,Expropriation,Argentina,Oil and Gas,PONDEROSA ASSETS LP,FALSE,Ponderosa Assets has a court case with Enron against Argentina. Confirmed by OPIC document https://www.opic.gov/sites/default/files/docs/Ponderosa_Assets_L.P._202005.pdf (AP),ENRON CORP,ARG,NA,2002,2005
19970,0,19970,Political violence,Afghanistan,Manufacturing,ABI GROUP LTD,FALSE,NA,ABI GROUP LTD,AFG,NA,2005,2006
91875,0,91875,Expropriation,Eritrea,Manufacturing,TEAM TECHNOLOGY INC,FALSE,NA,TEAM TECHNOLOGY INC,ERI,NA,NA,2006
54209,0,54209,Political violence,Haiti,Telecom,WESTERN WIRELESS INTT CORP,FALSE,NA,WESTERN WIRELESS INTERNATIONAL CORP,HTI,NA,2004,2006
2644989,0,2644989,Inconvertibility,Venezuela,Transportation,CATERPILLAR FINANCIAL SERV CORP,FALSE,NA,CATERPILLAR,VEN,NA,2005,2006
75548,0,75548,Political violence,Colombia,Mining,SECTOR RESOURCES LTD,FALSE,NA,SECTOR CAPITAL CORP,COL,NA,NA,2007
1980000,0,1980000,Expropriation,Serbia,Services,UNIWORLD HOLDINGS LTD SERBIA,FALSE,NA,UNIWORLD HOLDINGS LTD,SRB,NA,2005,2008
1000,0,1000,Political violence,Afghanistan,Services,INTERNATIONAL RESCUE COMMITTEE AFGHANISTAN,FALSE,NA,INTERNATIONAL RESCUE COMMITTEE,AFG,NA,2008,2009
38257,0,38257,Political violence,Afghanistan,Services,INTERNATIONAL RESCUE COMMITTEE AFGHANISTAN,FALSE,NA,INTERNATIONAL RESCUE COMMITTEE,AFG,NA,2008,2009
130680,0,130680,Political violence,Chad,Services,INTERNATIONAL RESCUE COMMITTEE CHAD,FALSE,NA,INTERNATIONAL RESCUE COMMITTEE,TCD,NA,2008,2009
36232,0,36232,Political violence,Democratic Republic of Congo,Services,INTERNATIONAL RESCUE COMMITTEE DRC,FALSE,NA,INTERNATIONAL RESCUE COMMITTEE,COD,NA,2008,2009
1034574,0,1034574,Expropriation,Russia,Construction,GLOBAL FORESTRY MGMT GROUP RUSSIA,FALSE,NA,GLOBAL FORESTRY MANAGEMENT GROUP,RUS,NA,NA,2011
38027,0,38027,Political violence,Zambia,Mill,SEABOARD OVERSEAS LIMITED ZAMBIA,FALSE,NA,SEABOARD CORP,ZMB,NA,NA,2012
3384872,0,1384872,Political violence,Mali,School,AMERICAN INFI SCHOOL OF BAMAKO MALI,FALSE,NA,AMERICAN INTERNATIONAL SCHOOL,MLI,NA,NA,2013
4559721,0,4559721,Expropriation,Venezuela,Transportation,CATERPILLAR FINANCIAL SERVICES CORP VENEZUELA,FALSE,NA,CATERPILLAR,VEN,NA,NA,2013
64515,0,64515,Political violence,Central African Republic,Services,INTERNATIONAL RESCUE COMMITTEE,FALSE,NA,INTERNATIONAL RESCUE COMMITTEE,CAF,NA,NA,2014
217853,0,217853,Political violence,Central African Republic,Services,INTERNATIONAL RESCUE COMMITTEE,FALSE,NA,INTERNATIONAL RESCUE COMMITTEE,CAF,NA,NA,2015
106188,0,106188,Political violence,South Sudan,Services,INTERNATIONAL RESCUE COMMITTEE,FALSE,NA,INTERNATIONAL RESCUE COMMITTEE,SSD,NA,NA,2015
38556,0,38556,Political violence,South Sudan,Services,INTERNATIONAL RESCUE COMMITTEE,FALSE,NA,INTERNATIONAL RESCUE COMMITTEE,SSD,NA,NA,2015
76943,0,76943,Political violence,Central African Republic,Services,INTERNATIONAL RESCUE COMMITTEE,FALSE,NA,INTERNATIONAL RESCUE COMMITTEE,CAF,NA,NA,2016
73712,0,73712,Political violence,Yemen,Services,INTERNATIONAL RESCUE COMMITTEE,FALSE,NA,INTERNATIONAL RESCUE COMMITTEE,YEM,NA,NA,2016
98621,0,98621,Political violence,South Sudan,Services,INTERNATIONAL RESCUE COMMITTEE,FALSE,NA,INTERNATIONAL RESCUE COMMITTEE,SSD,NA,NA,2017
